reference_id,authors,year,title,publication_status,doi,arxiv_id,primary_url,role,method,physical_encoding,sensor_band,validation_level,latency_value,latency_scope,reading_depth,source_location,limitations,identity_status
R01,Meimon; Fusco; Mugnier,2010,LIFT: a focal-plane wavefront sensor for real-time low-order sensing on faint sources,Optics Letters 35:3036-3038,10.1364/OL.35.003036,UNKNOWN,https://opg.optica.org/ol/abstract.cfm?uri=ol-35-18-3036,CORE_BASELINE,LIFT linearized maximum likelihood,Known phase diversity,UNKNOWN,SIMULATION,UNKNOWN,UNKNOWN,ABSTRACT_ONLY,Publisher abstract,Full text unavailable in this pass; no original numerical-performance claim,PRIMARY_VERIFIED
R02,Plantet; Meimon; Fusco; Conan,2011,Experimental validation of the linearized focal-plane technique (LIFT),AO4ELT2 proceedings,UNKNOWN,UNKNOWN,https://ao4elt2.lesia.obspm.fr/sites/ao4elt2/IMG/pdf/113meimon.pdf,CORE_BASELINE,LIFT Jacobian and iterative relinearization,Astigmatic diversity,635 nm monochromatic; 676 nm central / 200 nm FWHM broadband,LABORATORY,UNKNOWN,UNKNOWN,FULL_TEXT,Sections 2-5; Eqs 1-6,Broadband laboratory validation; on-sky and noise validation prospective,PRIMARY_VERIFIED
R03,Plantet; Meimon; Conan; Fusco,2013,Experimental validation of LIFT for estimation of low-order modes in low-flux wavefront sensing,Optics Express 21:16337-16352,10.1364/OE.21.016337,UNKNOWN,https://doi.org/10.1364/OE.21.016337,LIFT_LINEAGE,LIFT,UNKNOWN,UNKNOWN,UNKNOWN,UNKNOWN,UNKNOWN,METADATA_ONLY,Crossref title/authors/DOI,Publisher content inaccessible; performance details not used,PRIMARY_VERIFIED
R04,Plantet et al.,2016,LIFT on Keck: analysis of performance and first experimental results,SPIE 9909,10.1117/12.2232545,UNKNOWN,https://doi.org/10.1117/12.2232545,LIFT_KECK_LINEAGE,LIFT,UNKNOWN,UNKNOWN,UNKNOWN,UNKNOWN,UNKNOWN,METADATA_ONLY,Crossref title/authors/DOI,Proceedings full text not retrieved; no precise deployment claim,PRIMARY_VERIFIED
R05,Plantet et al.,2017,LIFT on Keck: evaluation of performance and experiments towards an on-sky validation,AO4ELT5 proceedings,10.26698/ao4elt5.0027,UNKNOWN,https://doi.org/10.26698/ao4elt5.0027,LIFT_KECK_LINEAGE,LIFT,UNKNOWN,UNKNOWN,UNKNOWN,UNKNOWN,UNKNOWN,METADATA_ONLY,Crossref title/authors/DOI,Full text unavailable; title is not proof of completed on-sky validation,PRIMARY_VERIFIED
R06,Mojtaba Taheri; Molahasani; Ragland; Neichel; Wizinowich,2024,AI-Powered Low-Order Focal Plane Wavefront Sensing in Infrared,SPIE 13097:1309783,10.1117/12.3020402,2410.12084,https://arxiv.org/html/2410.12084v1,AUTHOR_PRIOR_AND_CLOSE_COLLISION,ResNet18 modal regression,Astigmatic focal-plane diversity,H simulation; K Keck I calibration source,SIMULATION_AND_TELESCOPE_INTERNAL_SOURCE,UNKNOWN,No named-hardware end-to-end tail latency verified,FULL_TEXT,Sections 2-5; especially 3.2 and 5.3,Internal source is not atmospheric on-sky validation; mean focus removed in cross-band comparison,PRIMARY_VERIFIED
R07,Salgueiro et al.,2026,Slow focus sensor for the Keck I laser guide star adaptive optics system using focal plane wavefront sensing,Accepted manuscript; journal metadata not completed,UNKNOWN,2602.15746,https://arxiv.org/html/2602.15746v1,CORE_BASELINE_AND_CLOSE_COLLISION,GS; LIFT; Gaussian ellipticity,Astigmatic diversity,TRICK H/K,SIMULATION_LABORATORY_AND_ON_SKY_GS_CLOSED_LOOP,Several estimates/s reported; exact tail latency UNKNOWN,Personal-computer estimator comparison; not 1 kHz AO loop,KEY_SECTIONS,Sections 4-8; Fig 6; Appendix A,GS empirical sampling/gain must be reproduced separately from physically sampled model; routine operation still prospective,PRIMARY_VERIFIED
R08,Kuznetsov; Oberti; Neichel; Fusco,2024,Striving towards robust phase diversity on-sky: Implementing LIFT for VLT/MUSE-NFM,A&A 687:A221; DOI not verified here,UNKNOWN,2406.08529,https://arxiv.org/html/2406.08529v1,CORE_CLOSE_COLLISION,DIP differentiable PSF NCPA calibration followed by LIFT TTF,Astigmatic diversity,IRLOS infrared,SIMULATION_AND_ON_SKY,UNKNOWN,UNKNOWN,KEY_SECTIONS,Sections 2-6; especially 4 and 5.3-5.4,Slow/truth focus application; no general fast-loop readiness inference,PRIMARY_VERIFIED
R09,Korkiakoski et al.,2014,Fast & Furious focal-plane wavefront sensing,Applied Optics 53:4565,10.1364/AO.53.004565,1406.1006,https://arxiv.org/abs/1406.1006,CLASSICAL_ALTERNATIVE,Fast & Furious; FF-GS,Temporal DM diversity; pupil assumptions,UNKNOWN,SIMULATION_AND_LABORATORY,UNKNOWN,UNKNOWN,ABSTRACT_ONLY,Abstract,Weak-phase assumptions; arbitrary-pupil extension has different information and iterations,PRIMARY_VERIFIED
R10,Bos et al.,2020,On-sky verification of Fast and Furious focal-plane wavefront sensing: Moving forward toward controlling the island effect at Subaru/SCExAO,A&A,10.1051/0004-6361/202037910,2005.12097,https://arxiv.org/abs/2005.12097,CLASSICAL_ALTERNATIVE,Fast & Furious,Temporal control diversity,H,LABORATORY_AND_ON_SKY_CLOSED_LOOP,UNKNOWN,UNKNOWN,ABSTRACT_ONLY,Abstract,Sequence-based method cannot be ranked as identical-information single-frame estimator,PRIMARY_VERIFIED
R11,Bos; Bottom; Ragland; Delorme; Cetre; Pueyo,2021,"""Fast"" and Furious focal-plane wavefront sensing at W. M. Keck Observatory",Proceedings preprint; final DOI UNKNOWN,UNKNOWN,2107.07601,https://arxiv.org/abs/2107.07601,KECK_NCPA_ALTERNATIVE,Fast & Furious,Temporal DM diversity,Narrowband and broadband; exact filters UNKNOWN,ON_SKY,UNKNOWN,UNKNOWN,ABSTRACT_ONLY,Abstract,NCPA correction is distinct from sodium-focus truth sensing,PRIMARY_VERIFIED
R12,Orban de Xivry; Quesnel; Vanberg; Absil; Louppe,2021,Focal plane wavefront sensing using machine learning: performance of convolutional neural networks compared to fundamental limits,MNRAS 505:5702-5713,10.1093/mnras/stab1634,2106.04456,https://academic.oup.com/mnras/article/505/4/5702/6295324,LEARNED_CLOSE_COLLISION,ResNet50 modal regression; U-Net phase,Focused and defocused images,UNKNOWN,SIMULATION,UNKNOWN,UNKNOWN,KEY_SECTIONS,Methods and sign-ambiguity discussion,Idealized simulations; limits do not establish real detector or atmospheric performance,PRIMARY_VERIFIED
R13,Quesnel; Orban de Xivry; Louppe; Absil,2022 preprint,A deep learning approach for focal-plane wavefront sensing using vortex phase diversity,A&A; final year not checked,10.1051/0004-6361/202143001,2210.00632,https://arxiv.org/abs/2210.00632,LEARNED_HARDWARE_ALTERNATIVE,EfficientNet-B4,Scalar/vector vortex; polarization diversity,UNKNOWN,SIMULATION,UNKNOWN,UNKNOWN,ABSTRACT_ONLY,Abstract,Phase encoding differs from ordinary PSF; 100% duty-cycle claim is simulated,PRIMARY_VERIFIED
R14,Fienup,1982,Phase retrieval algorithms: a comparison,Applied Optics 21:2758,10.1364/AO.21.002758,UNKNOWN,https://doi.org/10.1364/AO.21.002758,FOUNDATION,Iterative phase retrieval,Multiple intensity constraints,UNKNOWN,UNKNOWN,UNKNOWN,UNKNOWN,METADATA_ONLY,Crossref metadata,Used for lineage only; no modern latency inference,PRIMARY_VERIFIED
R15,Paxman; Schulz; Fienup,1992,Joint estimation of object and aberrations by using phase diversity,JOSA A 9:1072,10.1364/JOSAA.9.001072,UNKNOWN,https://doi.org/10.1364/JOSAA.9.001072,FOUNDATION,Phase-diversity joint likelihood,Known diverse images,UNKNOWN,UNKNOWN,UNKNOWN,UNKNOWN,METADATA_ONLY,Crossref metadata,General formulation; not an infrared deployment claim,PRIMARY_VERIFIED
R16,Ragazzoni,1996,Pupil plane wavefront sensing with an oscillating prism,Journal of Modern Optics 43:289-293,10.1080/09500349608232742,UNKNOWN,https://doi.org/10.1080/09500349608232742,HARDWARE_FOUNDATION,Pyramid WFS,Focal prism and pupil reimaging,UNKNOWN,UNKNOWN,UNKNOWN,UNKNOWN,METADATA_ONLY,Crossref metadata,Pupil-image measurement differs from unmodified focal-plane intensity,PRIMARY_VERIFIED
R17,Guyon,2005,Limits of Adaptive Optics for high contrast imaging,Astrophysical Journal 629:592,10.1086/431209,astro-ph/0505086,https://arxiv.org/abs/astro-ph/0505086,SENSOR_INFORMATION_FOUNDATION,Analytical AO sensitivity limits,Sensor-dependent encoding,Wavelength-dependent theory,THEORY,UNKNOWN,UNKNOWN,ABSTRACT_ONLY,Abstract,Does not establish blanket infrared superiority for all targets and detectors,PRIMARY_VERIFIED
R18,Singh; Martinache; Baudoz; Guyon; Matsuo; Jovanovic; Clergeon,2014,"Lyot-based Low Order Wavefront Sensor for Phase-mask Coronagraphs: Principle, Simulations and Laboratory Experiments",PASP 126:586-594,10.1086/677048,1404.7201,https://arxiv.org/abs/1404.7201,CORONAGRAPHIC_HARDWARE_ALTERNATIVE,LLOWFS linear response,Reflected Lyot-stop rejected light,1.6 um simulation; 638 nm laboratory,SIMULATION_AND_LABORATORY,UNKNOWN,UNKNOWN,ABSTRACT_ONLY,Abstract,Separate sensor optics and rejected-light budget,PRIMARY_VERIFIED
R19,Singh et al.,2015,On-sky demonstration of low-order wavefront sensing and control with focal plane phase mask coronagraphs,PASP,10.1086/682726,1506.06298,https://arxiv.org/abs/1506.06298,CORONAGRAPHIC_HARDWARE_ALTERNATIVE,LLOWFS integrator,Phase-mask coronagraph and reflective Lyot stop,H,LABORATORY_AND_ON_SKY_CLOSED_LOOP,UNKNOWN,UNKNOWN,ABSTRACT_ONLY,Abstract,On-sky pointing figures depend on integration and visible-loop configuration,PRIMARY_VERIFIED
R20,Singh; Vievard; Lozi; Deo; Fogal; Ahn; Guyon; Juillard,2026,Addressing the low-wind effect with the Lyot-based low-order wavefront sensor on SCExAO,Preprint,UNKNOWN,2609.00737,https://arxiv.org/html/2609.00737v1,LEARNED_INFRARED_CLOSE_COLLISION,CNN differential petal piston,Opaque focal mask and reflective Lyot stop,H / 1.65 um,LABORATORY_AND_PRELIMINARY_ON_SKY_CLOSED_LOOP,1 kHz loop,Loop cadence; inference and end-to-end tails UNKNOWN,KEY_SECTIONS,Sections 2-3; on-sky 2026-07-03,TT not controlled; instability under investigation; not routine operation,PRIMARY_VERIFIED
R21,N'Diaye; Dohlen; Fusco; Paul,2013,Calibration of quasi-static aberrations in exoplanet direct-imaging instruments with a Zernike phase-mask sensor,A&A 555:A94,10.1051/0004-6361/201219797,1305.5143,https://arxiv.org/abs/1305.5143,ZERNIKE_HARDWARE_ALTERNATIVE,ZELDA / Zernike WFS,Focal phase disk converts phase to downstream pupil intensity,Near infrared,SIMULATION_AND_LABORATORY,UNKNOWN,UNKNOWN,ABSTRACT_ONLY,Abstract,Not an estimator from an unchanged science PSF,PRIMARY_VERIFIED
R22,Vigan et al.,2018,On-sky compensation of non-common path aberrations with the ZELDA wavefront sensor in VLT/SPHERE,SPIE conference preprint; final DOI UNKNOWN,UNKNOWN,1806.06158,https://arxiv.org/abs/1806.06158,ZERNIKE_ON_SKY_ALTERNATIVE,ZELDA,Phase disk and pupil reimaging,Infrared; exact band UNKNOWN,ON_SKY_TESTS,UNKNOWN,UNKNOWN,ABSTRACT_ONLY,Abstract,Initial 2017 tests lacked tangible contrast gain; later tests reported here; not the separate 2019 A&A paper,PRIMARY_VERIFIED
R23,Bond et al.,2020,Adaptive optics with an infrared pyramid wavefront sensor at Keck,JATIS 6:039003,10.1117/1.JATIS.6.3.039003,UNKNOWN,https://openaccess.inaf.it/server/api/core/bitstreams/265f6755-a199-458a-8b2d-5a83831ff7bb/content,INFRARED_OPERATIONAL_HARDWARE_ALTERNATIVE,Modulated pyramid,H-band pyramid; four pupil images,H,ON_SKY_SCIENCE_VERIFICATION,1500 Hz maximum camera rate,Detector rate; not total control latency,KEY_SECTIONS,Sections 2-4; detector table,Keck II hardware and information differ from Keck I TRICK slow focus,PRIMARY_VERIFIED
R24,Landman et al.,2024,Making the unmodulated Pyramid wavefront sensor smart. Closed-loop demonstration of neural network wavefront reconstruction with MagAO-X,A&A 684:A114,10.1051/0004-6361/202348898,2401.16325,https://arxiv.org/abs/2401.16325,LEARNED_HARDWARE_CLOSE_COLLISION,CNN nonlinear pyramid reconstruction,Unmodulated pyramid,Visible sensor,LABORATORY_CLOSED_LOOP,690 us,Inference reported; full acquisition-actuation UNKNOWN,ABSTRACT_ONLY,Abstract; 2025 follow-up introduction,Laboratory result; different optical information,PRIMARY_VERIFIED
R25,Landman et al.,2025,Making the unmodulated pyramid wavefront sensor smart II. First on-sky demonstration of extreme adaptive optics with deep learning,A&A 696:L1,10.1051/0004-6361/202553753,2503.16690,https://arxiv.org/html/2503.16690v1,LEARNED_REAL_TIME_CLOSE_COLLISION,CNN; TensorRT RTX4090,Unmodulated pyramid four pupil images,I,ON_SKY_CLOSED_LOOP,FP32 median 240 us / p95 243 us / max 247 us,Host-GPU transfers plus inference; 2 kHz loop,KEY_SECTIONS,Section 2.3 Table 2; on-sky results; Appendix A,FP16 100 us median not used on sky; 3.6 kHz result has latency selection caveat,PRIMARY_VERIFIED
R26,Norris; Wei; Betters; Wong; Leon-Saval,2020,An all-photonic focal-plane wavefront sensor,Nature Communications 11:5335,10.1038/s41467-020-19117-w,UNKNOWN,https://www.nature.com/articles/s41467-020-19117-w,PHOTONIC_LEARNED_ALTERNATIVE,Neural inversion of port intensities,Photonic lantern mode mixing,UNKNOWN,LABORATORY,UNKNOWN,UNKNOWN,ABSTRACT_ONLY,Publisher/PubMed abstract; Crossref identity,Hardware-encoded modal outputs; not ordinary image pixels,PRIMARY_VERIFIED
R27,Lin et al.,2022,Focal-plane wavefront sensing with photonic lanterns I: theoretical framework,JOSA B 39:2643-2656,10.1364/JOSAB.466227,2208.10563,https://arxiv.org/abs/2208.10563,PHOTONIC_THEORY,Linear/higher-order lantern reconstruction,Photonic mode mixing,UNKNOWN,THEORY_AND_SIMULATION,UNKNOWN,UNKNOWN,ABSTRACT_ONLY,Abstract,Six-port numerical case; port count limits observable degrees of freedom,PRIMARY_VERIFIED
R28,Lin et al.,2023 preprint,Focal-plane wavefront sensing with photonic lanterns II: numerical characterization and optimization,Accepted JOSA B; final DOI/year UNKNOWN,UNKNOWN,2311.01622,https://arxiv.org/abs/2311.01622,PHOTONIC_THEORY,Lantern optimization,3-19 output ports,1550 nm,SIMULATION,UNKNOWN,UNKNOWN,ABSTRACT_ONLY,Abstract,Finite dynamic range and degeneracies; not telescope validation,PRIMARY_VERIFIED
R29,Lin et al.,2023,Real-time experimental demonstrations of a photonic lantern wave-front sensor,Astrophysical Journal Letters,10.3847/2041-8213/ad12a4,2312.13381,https://arxiv.org/abs/2312.13381,PHOTONIC_REAL_TIME_ALTERNATIVE,Lantern wavefront reconstruction,Photonic port outputs,UNKNOWN,LABORATORY,UNKNOWN,UNKNOWN,ABSTRACT_ONLY,Abstract; Crossref identity,SCExAO testbed is not equivalent to on-sky deployment,PRIMARY_VERIFIED
R30,Lin et al.,2025,Experimental and on-sky demonstration of spectrally dispersed wavefront sensing using a photonic lantern,Optics Letters,10.1364/OL.551624,2505.00765,https://arxiv.org/html/2505.00765v1,PHOTONIC_ON_SKY_CLOSE_COLLISION,Linear SVD reconstruction,19 ports with spectral dispersion,H approximately 1.5-1.8 um,LABORATORY_AND_ON_SKY_CLOSED_LOOP,1.7 kHz; 3.77 frames latency,Reported on-sky loop; laboratory 1450 Hz / 2.96 frames,KEY_SECTIONS,Section 2 and on-sky results,14 controlled SVD modes; spectral overlap; seeing confound; limited recapture range,PRIMARY_VERIFIED
R31,Wu; Guo; Bao; Rao,2020,Sub-Millisecond Phase Retrieval for Phase-Diversity Wavefront Sensor,Sensors 20:4877,10.3390/s20174877,UNKNOWN,https://pmc.ncbi.nlm.nih.gov/articles/PMC7506609/,GENERIC_ML_SPEED_COLLISION,PD-CNN; TensorRT,Focused and defocused image pair,UNKNOWN,SIMULATION_AND_LABORATORY,About 0.5 ms,Inference; total system latency UNKNOWN,KEY_SECTIONS,Abstract and network/inference discussion,Generic bench rather than infrared astronomical on-sky validation,PRIMARY_VERIFIED
R32,Gao; Ma; Li; Zhong,2026,(PD)2: physics-driven phase diversity neural network for wavefront sensing,Optics Express 34:28728-28744,10.1364/OE.606688,UNKNOWN,https://doi.org/10.1364/OE.606688,PHYSICS_GUIDED_CLOSE_COLLISION,Self-supervised image-consistency learning,Focused and defocused point-source images,UNKNOWN,SIMULATION_AND_LABORATORY,UNKNOWN,UNKNOWN,ABSTRACT_ONLY,Publisher/PubMed abstract; Crossref identity,Not established for infrared AO residuals or telescope control,PRIMARY_VERIFIED
R33,Castaneda-Medina et al.,2026,Reinforcement learning for post-coronagraphic wavefront control,Preprint submitted 2026-09-16,UNKNOWN,2609.20880,https://arxiv.org/abs/2609.20880,ADJACENT_PHYSICS_CONTROL_COLLISION,Physics-informed observations for RL control,Coronagraphic observations/control,UNKNOWN,SIMULATION,UNKNOWN,UNKNOWN,ABSTRACT_ONLY,Abstract,Dark-hole control is distinct from signed low-order modal sensing,PRIMARY_VERIFIED
R34,Dunn et al.,2014,On-instrument wavefront sensor design for the TMT infrared imaging spectrograph (IRIS) update,SPIE 9147; exact title capitalization from arXiv,10.1117/12.2057257,1407.2999,https://arxiv.org/pdf/1407.2999,TMT_INSTRUMENT_SPECIFICATION,TT imager / TTF 2x2 SH,Three deployable OIWFS probes,1.16-2.31 um optical design,DESIGN_AND_COMPONENT_PROTOTYPE,UNKNOWN,UNKNOWN,KEY_SECTIONS,Sections 1-2 and 4,2014 preliminary design; not a current frozen detector or LOWFS error budget,PRIMARY_VERIFIED
R35,Agapito et al.,2026,MORFEO control strategy,JATIS 12:039001,10.1117/1.JATIS.12.3.039001,2608.13728,https://arxiv.org/html/2608.13728v1,ELT_INSTRUMENT_SPECIFICATION_AND_LIFT_COLLISION,Multirate LO/reference fusion; LIFT petalometer,Full-aperture / 2x2 SH; notch-filtered defocused LIFT channel,LO J/H; reference R/I,DESIGN_AND_SIMULATION,LO 100-1000 Hz; reference 10-100 Hz,Published design envelope; not total latency,KEY_SECTIONS,Section 2; Table 1; Section 6.4 Tables 2-3,MICADO NGS design; HARMONI uses different NGS WFS; integration baselines subject to AIV,PRIMARY_VERIFIED
R36,Busoni et al.,2026,MORFEO: Advancing Towards Final Design,AO4ELT8 proceedings/preprint,10.5281/zenodo.21127865,2607.13258,https://arxiv.org/html/2607.13258v1,ELT_DESIGN_CONTEXT,MCAO architecture,Six LGS plus NGS low-order/reference channels,Infrared LO,DESIGN,UNKNOWN,UNKNOWN,ABSTRACT_AND_OVERVIEW,Abstract and overview,Not an on-sky performance result,PRIMARY_VERIFIED
R37,Dohlen et al.,2026,HARMONI at ELT: Reoptimization of the NGSS natural guide star sensors system for MCAO compatibility,SPIE conference preprint,UNKNOWN,2607.20330,https://arxiv.org/pdf/2607.20330,ELT_INSTRUMENT_SPECIFICATION,Three-arm TTFS and TruthS; SCAO pyramid,IR TTFS; visible 8x8 truth SH,TTFS 1.2-1.8 um; TruthS 0.6-1 um,DESIGN_AND_COMPONENT_PROTOTYPE,UNKNOWN,UNKNOWN,KEY_SECTIONS,Sections 1-2 and 4.2-4.4,2025 rescope replaces LTAO by MORFEO MCAO; no current LOWFS latency verified,PRIMARY_VERIFIED
R38,Feldt et al.,2024,High strehl and high contrast for the ELT instrument METIS,Experimental Astronomy,10.1007/s10686-024-09968-2,UNKNOWN,https://link.springer.com/article/10.1007/s10686-024-09968-2,ELT_INSTRUMENT_SPECIFICATION_AND_HARDWARE_ALTERNATIVE,90x90 pyramid; QACITS and ALWFS auxiliary science loops,Cryogenic pyramid / coronagraphic sensing,K standard; H supported; science 3-13.3 um,DESIGN_AND_SIMULATION,1 kHz design; <=909 us RTC computation requirement,WFS-data receipt to command transmission; full acquisition-actuation latency UNKNOWN,KEY_SECTIONS,Sections 2.4-2.6 and 3; Table 2; 5.2.1 and 6.3.1,Top-level Strehl/contrast not converted into a LOWFS-only nm budget,PRIMARY_VERIFIED
U01,Plantet; Agapito; Busoni; Carla; Bonaglia; Pariani; Puglisi,2026,MORFEO and LIFT: are you allergic to petals?,AO4ELT8 cited proceeding,10.5281/zenodo.21106311,UNKNOWN,https://doi.org/10.5281/zenodo.21106311,UNRESOLVED_CLOSE_COLLISION,LIFT petal sensing,UNKNOWN,UNKNOWN,UNKNOWN,UNKNOWN,UNKNOWN,CITED_ONLY_NOT_RETRIEVED,Agapito 2026 reference 53; AO4ELT8 program,DOI retrieval failed; exclude from verified-primary-source count,REFERENCED_NOT_RETRIEVED
