case_id,facility,instrument_sensor,specification_epoch,status,pupil_geometry,pupil_source_url,sensor_band,guide_star_magnitude,sensor_architecture,detector,pixel_or_pupil_sampling,sensed_modes,cadence,total_latency,low_order_error_allocation,primary_url,source_location,uncertainty
T01,TMT,IRIS OIWFS,Current official overview accessed 2026-09-30,PUBLISHED_DESIGN_OVERVIEW,30 m; 492 hexagonal segments; 1.44 m corner-to-corner; exact obscuration/spider mask UNKNOWN,https://www.tmt.org/page/optics,Near infrared; exact current passband UNKNOWN,UNKNOWN,Three probes; TT imaging / TTF 2x2 SH,UNKNOWN,Current pixel scale UNKNOWN,TT; focus; tilt anisoplanatism,UNKNOWN; NFIRAOS up to 800 Hz is not an OIWFS allocation,UNKNOWN,UNKNOWN,https://www.tmt.org/page/instruments-adaptive-optics,NFIRAOS and IRIS sections,Do not substitute 4 mas IRIS science pixels for WFS sampling
T02,TMT,IRIS OIWFS optical design,2014,HISTORICAL_PRELIMINARY_DESIGN,30 m; 492 hexagonal segments; 1.44 m corner-to-corner; exact obscuration/spider mask UNKNOWN,https://www.tmt.org/page/optics,J+H+Kshort; 1.16-2.31 um,UNKNOWN,TT imager / 2x2 SH; ADC,IR detector; model UNKNOWN,TT magnification twice TTF; absolute pixel scale UNKNOWN,TTF or TT,UNKNOWN,UNKNOWN,UNKNOWN,https://arxiv.org/pdf/1407.2999,Section 4; pp 7-8,Historical optical design must not be presented as current frozen requirement
T03,TMT,IRIS ODGW,Current official overview accessed 2026-09-30,PUBLISHED_DESIGN_OVERVIEW,30 m; 492 hexagonal segments; 1.44 m corner-to-corner; exact obscuration/spider mask UNKNOWN,https://www.tmt.org/page/optics,IR science detector band; selected filter UNKNOWN,UNKNOWN,Four on-detector guide windows,IRIS science detector; exact relevant mode UNKNOWN,Science-detector guide windows; current readout/window sampling UNKNOWN,Truth TT / flexure; not proved signed focus,UNKNOWN,UNKNOWN,UNKNOWN,https://www.tmt.org/page/instruments-adaptive-optics,IRIS on-detector guide-window paragraph,Science-image guiding alone does not establish a focus diversity channel
T04,TMT,MODHIS OIWFS,Current official overview accessed 2026-09-30,DESIGN_BEING_FINALIZED,30 m; 492 hexagonal segments; 1.44 m corner-to-corner; exact obscuration/spider mask UNKNOWN,https://www.tmt.org/page/optics,Near infrared; exact WFS passband UNKNOWN,UNKNOWN,OIWFS with NFIRAOS LGS operation,UNKNOWN,UNKNOWN,TTF,UNKNOWN,UNKNOWN,UNKNOWN,https://www.tmt.org/page/instruments-adaptive-optics,MODHIS section,Spectrograph science passbands are not WFS passband specifications
E01,ELT,MORFEO / MICADO LO,August 2026 control paper,PUBLISHED_DESIGN_AND_SIMULATION,39 m; 798 hexagonal segments ~1.45 m; exact instrument-rotated spider/segment mask UNKNOWN,https://elt.eso.org/about/facts/,J/H,H<=14 to H=20 modeled integration baselines; not a hard guide-star cutoff,Two full-aperture sensors and one 2x2 SH,UNKNOWN,Full aperture 7 mas/pix; 2x2 SH 15 mas/pix,TT / focus; plate scale and rotation,100-1000 Hz envelope; full aperture 1-6 ms and SH 1-8 ms Table 2 baselines,UNKNOWN,UNKNOWN,https://arxiv.org/html/2608.13728v1,Section 2; Table 1; Section 6.4 Table 2,Magnitude-dependent timings are simulation/AIV baselines; not measured total latency
E02,ELT,MORFEO / MICADO reference,August 2026 control paper,PUBLISHED_DESIGN_AND_SIMULATION,39 m; 798 hexagonal segments ~1.45 m; exact instrument-rotated spider/segment mask UNKNOWN,https://elt.eso.org/about/facts/,R/I,R<=17 to R=21 modeled baselines; not hard cutoff,8x8 SH,UNKNOWN,165 mas/pix; 4.6 arcsec FoV,Low-order reference / LGS bias and focus truth,10-100 Hz envelope; 10-72 ms Table 3 baselines,UNKNOWN,UNKNOWN,https://arxiv.org/html/2608.13728v1,Section 2; Tables 1 and 3,Reference channel differs from fast J/H LO; baseline table and envelope not identical
E03,ELT,MORFEO LIFT petalometer,August 2026 control paper,PUBLISHED_DESIGN,39 m; 798 hexagonal segments ~1.45 m; exact instrument-rotated spider/segment mask UNKNOWN,https://elt.eso.org/about/facts/,Narrow band via notch filter; exact band UNKNOWN,UNKNOWN,Defocused component in full-aperture LO branch; LIFT,UNKNOWN,UNKNOWN for dedicated diversity component,Petal modes,UNKNOWN for petal estimator,UNKNOWN,UNKNOWN,https://arxiv.org/html/2608.13728v1,Section 2; reference 53,Dedicated proceeding not retrieved; no on-sky or performance claim
E04,ELT,HARMONI LOWFS TTFS,July 2026 rescope paper,PUBLISHED_DESIGN_AND_COMPONENT_PROTOTYPE,39 m; 798 hexagonal segments ~1.45 m; exact instrument-rotated spider/segment mask UNKNOWN,https://elt.eso.org/about/facts/,J/H; 1.2-1.8 um,UNKNOWN,Three pick-off arms with ADC and focusing stage,FREDA,UNKNOWN,Fast TT / focus,UNKNOWN,UNKNOWN,UNKNOWN,https://arxiv.org/pdf/2607.20330,Section 4.2; pp 8-9,MORFEO MCAO replaces prior LTAO; do not transplant MICADO NGS timings
E05,ELT,HARMONI LOWFS TruthS,July 2026 rescope paper,PUBLISHED_DESIGN,39 m; 798 hexagonal segments ~1.45 m; exact instrument-rotated spider/segment mask UNKNOWN,https://elt.eso.org/about/facts/,0.6-1.0 um,UNKNOWN,8x8 SH in each arm,ALICE,8x8 SH; image pixel scale UNKNOWN,Truth/reference modes; exact modal set UNKNOWN,UNKNOWN,UNKNOWN,UNKNOWN,https://arxiv.org/pdf/2607.20330,Section 4.2; p 9,Visible truth channel distinct from J/H TTFS
E06,ELT,METIS SCAO and auxiliary science loops,2024 design paper,PUBLISHED_DESIGN_AND_SIMULATION,39 m; 798 hexagonal segments ~1.45 m; exact instrument-rotated spider/segment mask UNKNOWN,https://elt.eso.org/about/facts/,K standard; H supported; science 3-13.3 um,Simulation: K~13 at 200 Hz; not a hard operational cutoff,90x90 pyramid; QACITS TT and ALWFS NCPA auxiliary loops,SAPHIRA,90x90 pupil sampling; 192x192 detector frame; not focal-image pixels,High-order PWFS plus TT/NCPA and petal considerations,1 kHz PWFS design; auxiliary-loop cadences UNKNOWN,"UNKNOWN total; RTC computation requirement <=909 us, WFS-data receipt to command transmission","UNKNOWN; Table 2 gives Strehl/contrast, not LOWFS-only nm",https://link.springer.com/article/10.1007/s10686-024-09968-2,Sections 2.4-2.6 and 3; 5.2.1; 6.3.1; Table 2,Do not convert global Strehl into a specific LOWFS allocation
G01,GMT,LTAO OIWFS focus / TT,Public SWC architecture with 2013 references,HISTORICAL_ARCHITECTURE,Seven 8.4 m circular primaries; 25.4 m overall aperture; projected obscuration/support mask UNKNOWN,https://giantmagellan.org/telescope-primary-mirrors/,UNKNOWN in this source,UNKNOWN,Asynchronous TT; OIWFS focus combined with tomographic high-pass focus,UNKNOWN,UNKNOWN,TT and focus truth,Focus approximately 10 Hz; TT rate UNKNOWN,UNKNOWN,UNKNOWN,https://gmto.github.io/gmt_docs/SWC_architecture/tcs/wavefront_control/ltao_obsmode.html,Section 5.5.3,Not a verified current instrument requirement; full-loop modeling incomplete in source
G02,GMT,LTAO segment phasing,Public SWC architecture with 2013 references,HISTORICAL_ARCHITECTURE,Seven 8.4 m circular primaries; 25.4 m overall aperture; projected obscuration/support mask UNKNOWN,https://giantmagellan.org/telescope-primary-mirrors/,UNKNOWN,UNKNOWN,OIWFS drift sensing; phasing camera; edge-sensor feedforward,UNKNOWN,UNKNOWN,Differential segment piston; separate from Zernike focus,OIWFS 1-10 s; phasing camera 30-60 s; edge feedforward 500 Hz,UNKNOWN,UNKNOWN,https://gmto.github.io/gmt_docs/SWC_architecture/tcs/wavefront_control/ltao_obsmode.html,Phasing-control description,Distinct cadences must not be collapsed into a single LOWFS loop
G03,GMT,NGSAO NGWS,Public SWC architecture,HISTORICAL_ARCHITECTURE,Seven 8.4 m circular primaries; 25.4 m overall aperture; projected obscuration/support mask UNKNOWN,https://giantmagellan.org/telescope-primary-mirrors/,UNKNOWN,UNKNOWN,Pyramid WFS to ASM controller,UNKNOWN,UNKNOWN,ASM command reconstruction; exact LOWFS allocation UNKNOWN,UNKNOWN; current large architecture PDF not parsed,UNKNOWN,UNKNOWN,https://gmto.github.io/gmt_docs/SWC_architecture/tcs/wavefront_control/ngsao_obsmode.html,Section 5.5.2,Current 27.7 MB architecture document exceeded tool limit; no 1/2 kHz requirement asserted from snippet
